,StudyHours,Attendance,Marks,Performance Score
StudyHours,1.0,0.03324737836383473,0.021274113526960604,0.4583202651801238
Attendance,0.03324737836383473,1.0,0.02941867369785394,0.3393621303085603
Marks,0.021274113526960604,0.02941867369785394,1.0,0.8460460040041884
Performance Score,0.4583202651801238,0.3393621303085603,0.8460460040041884,1.0
