Grade,Average_Marks,Average_Attendance,Student_Count
A,95.00335570469798,76.0738255033557,149
B,82.62788844621514,74.57768924302789,251
C,67.93026723231443,75.43448275862069,290
D,49.66612903225806,74.81290322580645,310
